epoch,time,train/box_loss,train/seg_loss,train/cls_loss,train/dfl_loss,metrics/precision(B),metrics/recall(B),metrics/mAP50(B),metrics/mAP50-95(B),metrics/precision(M),metrics/recall(M),metrics/mAP50(M),metrics/mAP50-95(M),val/box_loss,val/seg_loss,val/cls_loss,val/dfl_loss,lr/pg0,lr/pg1,lr/pg2
1,4.53578,1.70108,5.97772,2.94354,1.77341,0.0087,0.92857,0.0879,0.03697,0.00803,0.85714,0.04939,0.01936,1.21989,3.27425,2.87782,1.50314,8e-05,8e-05,8e-05
2,46.5726,1.70704,4.98032,3.00148,1.74645,0.00899,0.92857,0.27066,0.20396,0.00899,0.92857,0.25481,0.15384,1.15303,2.72232,2.85299,1.29734,0.000179406,0.000179406,0.000179406
3,48.1055,1.54582,3.90401,2.80338,1.55984,0.00915,1,0.44206,0.31007,0.0085,0.92857,0.43,0.26304,1.17378,2.41111,2.60406,1.22122,0.000278152,0.000278152,0.000278152
4,49.6325,1.39069,3.24662,2.60106,1.40972,0.00852,1,0.62511,0.39355,0.00852,1,0.63503,0.34765,1.21823,2.20719,2.52647,1.15474,0.000376238,0.000376238,0.000376238
5,51.1797,1.32433,2.8824,2.36138,1.34919,0.00697,1,0.74984,0.45902,0.00697,1,0.82522,0.4029,1.21148,2.81821,2.44347,1.17872,0.000473664,0.000473664,0.000473664
6,52.8879,1.27405,2.9538,2.14739,1.33857,0.00668,1,0.83512,0.51501,0.00668,1,0.82491,0.42812,1.15594,2.88631,2.38803,1.20781,0.00057043,0.00057043,0.00057043
7,54.6171,1.38796,2.90077,1.96698,1.34615,0.24493,0.85714,0.63891,0.42231,0.22452,0.78571,0.61817,0.30197,1.03351,3.43732,2.31217,1.19322,0.000666536,0.000666536,0.000666536
8,56.1524,1.32111,2.73362,1.82753,1.29026,1,0.33164,0.7757,0.46705,1,0.33164,0.74405,0.40393,1.10966,2.98892,2.22013,1.36482,0.000761982,0.000761982,0.000761982
9,57.6292,1.45753,2.83568,1.81644,1.40614,0.50936,0.57143,0.59388,0.36729,0.65446,0.57143,0.64647,0.34872,1.18318,2.83949,1.88173,1.53634,0.000856768,0.000856768,0.000856768
10,59.0037,1.45178,2.61502,1.69582,1.40672,1,0.61238,0.75103,0.44557,1,0.63629,0.78759,0.42612,1.28073,2.56163,1.92538,1.46953,0.000950894,0.000950894,0.000950894
11,60.4419,1.45722,2.69854,1.69737,1.39241,0.35978,0.35714,0.42258,0.2883,0.35978,0.35714,0.42184,0.23923,1.2169,3.13398,2.03043,1.40704,0.00104436,0.00104436,0.00104436
12,61.8457,1.43536,2.76127,1.72098,1.38442,0.30053,0.35714,0.28821,0.21013,0.3154,0.35714,0.27313,0.16074,1.39929,4.91227,2.19329,1.65421,0.00113717,0.00113717,0.00113717
13,63.2591,1.33244,2.72561,1.64332,1.37588,0.35364,0.5,0.27529,0.1769,0.2799,0.28571,0.21424,0.11936,1.57239,5.51212,2.31843,1.90531,0.00122931,0.00122931,0.00122931
14,64.7722,1.3751,2.69863,1.60657,1.35526,0.25836,0.5,0.25666,0.15902,0.32691,0.62495,0.34049,0.13412,1.32716,4.4315,2.28438,1.72507,0.0013208,0.0013208,0.0013208
15,66.2393,1.37209,2.66183,1.60407,1.36133,0.60714,0.66325,0.678,0.37748,0.60714,0.66325,0.6952,0.28702,1.3083,4.17929,1.65453,1.65459,0.00141162,0.00141162,0.00141162
16,67.5949,1.45105,2.6718,1.54396,1.35676,0.60033,0.57143,0.50533,0.3045,0.58164,0.64286,0.56301,0.231,1.49562,3.66667,1.90126,2.09806,0.00150179,0.00150179,0.00150179
17,69.0532,1.34274,2.47017,1.47622,1.31122,0.46125,0.48984,0.46927,0.26219,0.38578,0.57143,0.5059,0.24376,1.28094,3.19677,1.99258,1.60632,0.0015913,0.0015913,0.0015913
18,70.5046,1.31765,2.55739,1.44221,1.27707,0.79686,0.21429,0.36675,0.24513,0.35049,0.28571,0.30218,0.12803,1.36586,3.2107,2.05525,1.64652,0.00168014,0.00168014,0.00168014
19,71.9999,1.2653,2.46302,1.502,1.33028,0.4573,0.35714,0.40654,0.2124,0.20941,0.5,0.23568,0.08827,1.48068,3.47908,2.15498,1.77391,0.00176833,0.00176833,0.00176833
20,73.4107,1.38601,2.54274,1.50885,1.34631,0.75666,0.28571,0.43163,0.22284,0.26225,0.68602,0.32298,0.12291,1.65995,4.49778,2.05099,1.97881,0.00185585,0.00185585,0.00185585
21,74.8663,1.35716,2.56929,1.51648,1.31425,0.68374,0.5,0.58975,0.24311,0.4332,0.70988,0.57471,0.26833,1.72881,4.09695,1.87758,2.2042,0.001868,0.001868,0.001868
22,76.3132,1.4215,2.54751,1.51444,1.34123,0.71979,0.73492,0.79941,0.36039,0.65165,0.66923,0.72069,0.31703,1.38324,3.77762,1.69835,1.57216,0.0018614,0.0018614,0.0018614
23,77.5969,1.43111,2.52197,1.49742,1.37934,0.82759,0.68721,0.75926,0.39909,0.91314,0.75244,0.7778,0.40109,1.29254,3.52774,1.63533,1.44787,0.0018548,0.0018548,0.0018548
24,78.9505,1.35681,2.55324,1.44435,1.28535,0.68271,0.61611,0.70277,0.43063,0.52014,0.71429,0.59873,0.29528,1.42487,3.28838,1.64203,1.40925,0.0018482,0.0018482,0.0018482
25,80.382,1.30698,2.34787,1.39009,1.26762,0.65628,0.78571,0.73408,0.43591,0.54489,0.71429,0.62252,0.30086,1.42979,3.68699,1.75827,1.44593,0.0018416,0.0018416,0.0018416
26,81.7239,1.21699,2.26557,1.39465,1.24967,0.56157,0.92857,0.68531,0.44365,0.56157,0.92857,0.69196,0.31274,1.33345,3.92086,1.96357,1.38739,0.001835,0.001835,0.001835
27,83.092,1.28678,2.44071,1.37234,1.27166,0.55406,0.78571,0.66597,0.48058,0.55406,0.78571,0.68498,0.34153,1.06241,4.22543,1.67812,1.2114,0.0018284,0.0018284,0.0018284
28,84.5603,1.27352,2.23657,1.32312,1.27449,0.68297,0.85714,0.83383,0.43207,0.68297,0.85714,0.83383,0.39844,1.28069,2.41616,1.51933,1.33246,0.0018218,0.0018218,0.0018218
29,85.891,1.30457,2.48255,1.3262,1.2752,0.60516,0.5,0.63289,0.34421,0.47693,0.78571,0.70127,0.35588,1.41003,2.58519,1.78806,1.40684,0.0018152,0.0018152,0.0018152
30,87.2438,1.2463,2.35271,1.31142,1.25206,0.70614,0.5,0.62394,0.35199,0.70614,0.5,0.64955,0.31634,1.36594,2.54335,1.9267,1.4164,0.0018086,0.0018086,0.0018086
31,88.6339,1.31532,2.47526,1.36216,1.25278,0.40979,0.78571,0.6132,0.3553,0.44896,0.85714,0.58344,0.2811,1.28963,2.40412,1.88376,1.42114,0.001802,0.001802,0.001802
32,90.0077,1.19984,2.24861,1.26953,1.18349,0.70921,0.69778,0.69942,0.47029,0.78096,0.76511,0.80347,0.41529,1.18616,2.07059,1.50701,1.25673,0.0017954,0.0017954,0.0017954
33,91.3989,1.21687,2.2514,1.23354,1.17466,0.84198,0.78571,0.87935,0.46898,0.7618,0.71429,0.79053,0.42341,1.23367,2.10423,1.53793,1.28363,0.0017888,0.0017888,0.0017888
34,92.8382,1.21316,2.09531,1.20454,1.22716,0.76041,0.9077,0.89447,0.51243,0.76041,0.9077,0.89008,0.46884,1.28164,2.30032,1.64865,1.37633,0.0017822,0.0017822,0.0017822
35,94.2442,1.30075,2.30938,1.26808,1.25593,0.68719,0.85714,0.82983,0.51869,0.74494,0.92857,0.89911,0.48037,1.25867,2.43126,1.71057,1.32246,0.0017756,0.0017756,0.0017756
36,95.7153,1.32761,2.26625,1.32411,1.2672,0.73859,0.85714,0.8525,0.52766,0.94224,0.78571,0.92559,0.45833,1.19342,2.36448,1.62356,1.28723,0.001769,0.001769,0.001769
37,97.1572,1.21617,2.28151,1.30325,1.23308,0.79528,0.78571,0.80496,0.47557,0.87028,0.85714,0.90175,0.46363,1.24154,2.11744,1.47644,1.38358,0.0017624,0.0017624,0.0017624
38,98.5903,1.21735,2.10455,1.25571,1.24448,0.79533,0.83379,0.79452,0.48744,0.86318,0.90242,0.90312,0.47804,1.26439,2.09426,1.3735,1.37819,0.0017558,0.0017558,0.0017558
39,99.9148,1.1723,2.09286,1.2096,1.19032,0.7952,0.85714,0.79843,0.47438,0.86281,0.92857,0.92095,0.43128,1.25712,2.19936,1.33384,1.33304,0.0017492,0.0017492,0.0017492
40,101.524,1.17949,2.1655,1.16478,1.20275,0.92243,0.84988,0.93696,0.52166,0.92243,0.84988,0.93545,0.52702,1.24465,2.14344,1.21745,1.33525,0.0017426,0.0017426,0.0017426
41,102.972,1.16073,2.14379,1.16501,1.1933,0.85503,0.84342,0.89189,0.54954,0.9274,0.91329,0.96444,0.5407,1.21975,2.20807,1.08113,1.34507,0.001736,0.001736,0.001736
42,104.404,1.2474,2.16276,1.15981,1.2264,0.91054,0.92857,0.93282,0.62831,0.98172,1,0.995,0.5706,1.20236,2.34731,1.00448,1.28671,0.0017294,0.0017294,0.0017294
43,105.699,1.2496,2.08529,1.22129,1.21162,0.98771,0.85714,0.97029,0.63627,0.98771,0.85714,0.97029,0.5791,1.12805,2.07256,0.99812,1.22666,0.0017228,0.0017228,0.0017228
44,107.123,1.10029,2.14296,1.17668,1.19294,0.69747,0.98853,0.92889,0.56524,0.80524,0.92857,0.94367,0.58895,1.22785,2.01508,1.01793,1.30721,0.0017162,0.0017162,0.0017162
45,108.558,1.23789,2.30058,1.26335,1.21541,0.78145,0.85714,0.90325,0.61302,0.85011,0.92857,0.94618,0.56106,1.16573,2.20644,1.08075,1.2427,0.0017096,0.0017096,0.0017096
46,109.874,1.16801,2.1544,1.11794,1.19946,0.8388,0.78571,0.85171,0.59165,0.85551,0.84653,0.93282,0.56104,1.21519,2.06588,1.18159,1.31118,0.001703,0.001703,0.001703
47,111.198,1.17685,2.33018,1.14566,1.21856,0.83583,0.78571,0.85496,0.58602,0.83583,0.78571,0.88071,0.54441,1.29293,2.06991,1.19404,1.34771,0.0016964,0.0016964,0.0016964
48,112.682,1.16578,2.14698,1.127,1.19919,0.84612,0.78551,0.90339,0.63413,0.84612,0.78551,0.90301,0.55292,1.21952,2.18756,1.28462,1.225,0.0016898,0.0016898,0.0016898
49,114.109,1.14868,2.19408,1.15799,1.20111,0.90977,0.85714,0.90885,0.60427,0.90977,0.85714,0.90225,0.53043,1.26094,2.19931,1.53664,1.25543,0.0016832,0.0016832,0.0016832
50,115.48,1.13841,2.14419,1.11021,1.21912,0.91523,0.77219,0.91682,0.60294,0.91523,0.77219,0.9224,0.55273,1.23947,2.16012,1.79418,1.26346,0.0016766,0.0016766,0.0016766
51,116.904,1.18406,2.10869,1.09462,1.19391,0.84511,0.77992,0.91406,0.60123,0.84511,0.77992,0.92325,0.55483,1.23991,2.12611,1.80232,1.26337,0.00167,0.00167,0.00167
52,118.342,1.09991,2.08053,1.08917,1.17695,0.80979,0.91308,0.87969,0.5017,0.80979,0.91308,0.93104,0.48086,1.29575,2.27856,1.65205,1.32153,0.0016634,0.0016634,0.0016634
53,119.793,1.18293,2.14003,1.1068,1.22092,0.92774,0.91773,0.92065,0.51214,0.92774,0.91773,0.92065,0.48731,1.28622,2.42445,1.84545,1.38254,0.0016568,0.0016568,0.0016568
54,121.223,1.04939,1.9658,0.98887,1.14537,0.81788,0.85714,0.91117,0.59284,0.81788,0.85714,0.91117,0.53416,1.11932,2.29913,1.48367,1.26529,0.0016502,0.0016502,0.0016502
55,122.586,1.05575,1.96695,1.00421,1.16178,0.84899,0.80416,0.92206,0.67478,0.84899,0.80416,0.92206,0.56653,1.04332,2.07472,1.05051,1.14296,0.0016436,0.0016436,0.0016436
56,124.076,1.11676,2.09733,1.05252,1.1705,0.91752,0.79523,0.95316,0.64757,0.91752,0.79523,0.95316,0.55438,1.12081,2.04479,1.07479,1.22072,0.001637,0.001637,0.001637
57,125.514,1.0654,1.97969,0.9955,1.14657,0.89643,0.85714,0.97011,0.64214,0.89643,0.85714,0.97011,0.58498,1.12096,1.92379,0.97866,1.21509,0.0016304,0.0016304,0.0016304
58,126.905,1.07446,1.93652,0.97951,1.13813,0.73541,0.85714,0.86339,0.59038,0.79839,0.92857,0.92448,0.53897,1.22966,1.70582,0.99823,1.23258,0.0016238,0.0016238,0.0016238
59,128.253,1.08685,1.99639,0.99651,1.14684,0.74752,0.85714,0.86673,0.62933,0.81235,0.92857,0.93084,0.59519,1.2029,1.60791,0.99345,1.2735,0.0016172,0.0016172,0.0016172
60,129.66,1.07547,1.8679,1.03123,1.17354,1,0.71134,0.88929,0.64445,0.81149,0.92277,0.93448,0.61634,1.12945,1.56514,0.91081,1.26545,0.0016106,0.0016106,0.0016106
61,130.978,1.06579,1.92444,0.97306,1.11476,0.91566,0.77622,0.89385,0.67697,0.81123,0.92132,0.92941,0.6275,1.08691,1.48731,0.93775,1.20187,0.001604,0.001604,0.001604
62,132.48,1.08189,1.96065,1.00178,1.11271,1,0.70992,0.89906,0.6341,1,0.70992,0.92629,0.60263,1.11382,1.5776,0.97854,1.19913,0.0015974,0.0015974,0.0015974
63,133.867,1.10536,2.0541,1.08085,1.1619,1,0.77191,0.94364,0.61272,1,0.77191,0.94364,0.5918,1.17024,1.7534,1.01493,1.22008,0.0015908,0.0015908,0.0015908
64,135.31,1.04487,1.91147,0.98482,1.10137,0.79251,0.85714,0.91999,0.6371,0.79251,0.85714,0.91999,0.59977,1.05583,1.80087,0.91485,1.09651,0.0015842,0.0015842,0.0015842
65,136.743,0.98457,1.89279,0.92559,1.09962,1,0.83862,0.9407,0.70237,1,0.83862,0.9407,0.64977,0.99299,1.66894,0.84349,1.05621,0.0015776,0.0015776,0.0015776
66,138.18,1.15285,1.99326,1.09089,1.1751,0.91734,0.85714,0.94816,0.68387,0.91734,0.85714,0.95828,0.61517,1.00578,1.62503,0.81572,1.06992,0.001571,0.001571,0.001571
67,139.528,1.07013,1.94853,1.01082,1.13899,0.97937,0.85714,0.95753,0.71805,0.97937,0.85714,0.97331,0.67113,1.02675,1.61797,0.77543,1.08774,0.0015644,0.0015644,0.0015644
68,140.991,1.1058,1.96751,1.01476,1.18955,0.91938,0.85714,0.95854,0.68213,0.92724,0.91126,0.96667,0.5932,1.1516,1.84972,0.80479,1.11872,0.0015578,0.0015578,0.0015578
69,142.33,1.02891,1.92281,0.93723,1.11667,0.98497,0.85714,0.94773,0.654,0.98497,0.85714,0.9592,0.60409,1.15602,1.87238,0.79026,1.12556,0.0015512,0.0015512,0.0015512
70,143.717,1.0266,1.98003,1.00625,1.1493,0.97335,0.85714,0.95307,0.62916,0.97335,0.85714,0.97029,0.58371,1.17125,1.94078,0.79424,1.21766,0.0015446,0.0015446,0.0015446
71,145.077,1.02207,1.74185,0.94705,1.12746,0.85515,0.84421,0.93936,0.63432,0.76193,1,0.94806,0.60906,1.0896,1.85652,0.80578,1.20874,0.001538,0.001538,0.001538
72,146.46,0.98323,1.90122,0.92074,1.11046,0.99419,0.92857,0.98265,0.66968,0.99419,0.92857,0.98265,0.6075,1.14046,1.94418,0.79686,1.25768,0.0015314,0.0015314,0.0015314
73,147.828,0.97306,1.97385,0.9812,1.14915,1,0.91753,0.98625,0.67151,1,0.91753,0.98625,0.64635,1.13997,1.88199,0.75162,1.25048,0.0015248,0.0015248,0.0015248
74,149.278,1.05557,1.94155,0.96272,1.14971,0.9575,0.92857,0.99033,0.71456,0.9575,0.92857,0.99033,0.64705,1.05972,1.879,0.71848,1.22818,0.0015182,0.0015182,0.0015182
75,150.662,0.99464,1.8139,0.9669,1.09506,0.91252,0.92857,0.97265,0.72386,1,0.90401,0.98265,0.64938,1.02935,1.96679,0.71433,1.18005,0.0015116,0.0015116,0.0015116
76,152.186,1.00797,1.83096,0.95622,1.11479,0.92236,0.84912,0.95277,0.71979,1,0.91395,0.97658,0.65496,1.03036,1.94615,0.77008,1.06941,0.001505,0.001505,0.001505
77,153.706,0.98232,1.79577,0.91273,1.10625,0.92012,0.82423,0.91198,0.67052,1,0.8821,0.97944,0.62201,1.12218,1.79323,0.84262,1.14289,0.0014984,0.0014984,0.0014984
78,155.18,0.99117,1.68626,0.92447,1.11433,0.88088,0.78571,0.89813,0.66408,0.96096,0.85714,0.9775,0.60451,1.13601,1.77535,0.84814,1.17578,0.0014918,0.0014918,0.0014918
79,156.878,0.95934,1.70637,0.89168,1.12568,1,0.7847,0.90825,0.68709,1,0.92553,0.98625,0.60213,1.10477,1.79529,0.81857,1.16235,0.0014852,0.0014852,0.0014852
80,158.309,1.07808,1.89857,0.96276,1.16998,0.98715,0.85714,0.92695,0.65923,0.98761,1,0.995,0.60634,1.08381,1.82128,0.77593,1.14118,0.0014786,0.0014786,0.0014786
81,159.776,0.97877,2.01014,0.92515,1.13823,0.9955,0.85714,0.93195,0.65008,0.89748,1,0.98567,0.60382,1.10299,1.8558,0.85716,1.10013,0.001472,0.001472,0.001472
82,161.253,0.92911,1.86523,0.96339,1.12192,1,0.82135,0.92062,0.63025,0.86826,0.94224,0.9775,0.57951,1.19248,1.76767,0.93791,1.20418,0.0014654,0.0014654,0.0014654
83,162.663,1.06782,1.98098,0.93605,1.15846,0.81106,0.92034,0.90413,0.57109,0.87363,0.98823,0.9775,0.55505,1.2964,1.69515,1.02855,1.27889,0.0014588,0.0014588,0.0014588
84,164.23,0.9585,1.85738,0.88696,1.08408,0.8109,1,0.96793,0.6288,0.8109,1,0.96793,0.58773,1.17536,1.89141,0.98264,1.20669,0.0014522,0.0014522,0.0014522
85,165.696,0.98691,1.83647,0.90405,1.08809,0.87594,0.92857,0.97625,0.64785,0.87594,0.92857,0.97625,0.5807,1.11183,1.93082,1.03046,1.1681,0.0014456,0.0014456,0.0014456
86,167.041,0.9294,1.79286,0.84049,1.06299,0.91046,0.92857,0.98265,0.65648,0.91046,0.92857,0.98265,0.59767,1.08875,1.89712,1.11977,1.15413,0.001439,0.001439,0.001439
87,168.483,0.98872,1.85816,0.86098,1.08646,0.83006,0.92857,0.92815,0.58922,0.86382,1,0.97125,0.55942,1.14846,1.82232,1.24503,1.19912,0.0014324,0.0014324,0.0014324
88,169.965,0.98918,1.77961,0.90737,1.13647,0.7414,0.85714,0.87414,0.53784,0.80344,0.92857,0.92932,0.51042,1.12574,1.8516,1.43132,1.22493,0.0014258,0.0014258,0.0014258
89,171.395,1.00546,1.76691,0.85322,1.08629,0.84175,0.92857,0.93218,0.57155,0.84175,0.92857,0.93218,0.53561,1.1094,1.74708,1.15662,1.18985,0.0014192,0.0014192,0.0014192
90,172.872,0.9644,1.88441,0.94285,1.07424,0.85392,0.8362,0.9055,0.63154,0.85392,0.8362,0.9055,0.5592,1.08388,1.64584,0.97867,1.15807,0.0014126,0.0014126,0.0014126
91,174.202,1.03586,1.91769,0.90849,1.11725,0.9023,0.71429,0.86438,0.65846,0.97473,0.78571,0.93639,0.61211,1.0802,1.55993,0.89703,1.16506,0.001406,0.001406,0.001406
92,175.601,0.96615,1.8022,0.83917,1.06687,0.8548,0.85714,0.87452,0.68835,0.96756,0.92857,0.95661,0.64449,1.01751,1.59061,0.87523,1.14907,0.0013994,0.0013994,0.0013994
93,177.089,0.95184,1.84922,0.87323,1.07586,0.92074,0.83111,0.8769,0.68313,1,0.90198,0.953,0.63815,1.0554,1.71386,0.82801,1.17801,0.0013928,0.0013928,0.0013928
94,178.465,0.88959,1.73282,0.81625,1.05358,0.96504,0.78571,0.88563,0.66678,0.9082,0.85714,0.95549,0.62347,1.07595,1.82727,0.81106,1.16273,0.0013862,0.0013862,0.0013862
95,179.881,0.95308,1.69456,0.80273,1.07843,0.77602,0.99039,0.94806,0.64923,0.77602,0.99039,0.94806,0.60299,1.09647,1.87629,0.83628,1.15234,0.0013796,0.0013796,0.0013796
96,181.533,0.89008,1.79865,0.79223,1.05625,0.89823,0.85714,0.91962,0.59369,0.89823,0.85714,0.92085,0.5739,1.19684,1.96293,0.96652,1.19793,0.001373,0.001373,0.001373
97,183.18,1.00013,1.75228,0.83528,1.0856,0.9019,0.85714,0.95268,0.65316,0.9019,0.85714,0.95268,0.59139,1.17783,2.01501,0.90035,1.21463,0.0013664,0.0013664,0.0013664
98,184.704,0.96894,1.73941,0.8187,1.07145,0.8732,0.98454,0.97625,0.67503,0.8732,0.98454,0.97625,0.60651,1.13487,2.05719,0.77023,1.22748,0.0013598,0.0013598,0.0013598
99,186.291,0.94097,1.62515,0.78581,1.05878,1,0.76451,0.9325,0.68079,0.92382,0.92857,0.98125,0.6326,1.05978,1.93052,0.75542,1.17004,0.0013532,0.0013532,0.0013532
100,188.192,0.90343,1.72851,0.7912,1.04271,0.92552,0.88885,0.954,0.67474,0.92552,0.88885,0.954,0.65613,0.99512,1.72357,0.74035,1.0934,0.0013466,0.0013466,0.0013466
101,189.971,0.92055,1.80463,0.83457,1.05138,0.9225,0.85071,0.93833,0.67878,0.9225,0.85071,0.93833,0.63713,1.01336,1.73301,0.7417,1.09344,0.00134,0.00134,0.00134
102,192.219,0.89781,1.6373,0.74847,1.06724,0.92776,0.91805,0.96261,0.70864,0.92776,0.91805,0.96261,0.66447,1.00648,1.8005,0.66379,1.10383,0.0013334,0.0013334,0.0013334
103,194.236,0.91721,1.76466,0.77049,1.06693,0.99112,0.85714,0.96667,0.68783,0.99112,0.85714,0.96667,0.64835,1.03471,1.80568,0.64339,1.11169,0.0013268,0.0013268,0.0013268
104,196.209,0.96212,1.75334,0.82381,1.08292,0.93223,0.9834,0.98567,0.68538,0.93223,0.9834,0.98567,0.64978,1.08887,1.74865,0.62272,1.11887,0.0013202,0.0013202,0.0013202
105,197.778,0.97783,1.74789,0.86443,1.09893,0.93155,0.97331,0.98567,0.68462,0.93155,0.97331,0.98567,0.62797,1.07789,1.80591,0.62225,1.13859,0.0013136,0.0013136,0.0013136
106,199.243,0.94423,1.70246,0.81319,1.08767,1,0.9189,0.96955,0.6584,1,0.9189,0.96955,0.61882,1.13944,1.87334,0.72232,1.20661,0.001307,0.001307,0.001307
107,200.705,0.917,1.617,0.78997,1.05234,0.92793,0.92029,0.9445,0.65338,0.92793,0.92029,0.9445,0.60591,1.13085,1.94436,0.77791,1.23442,0.0013004,0.0013004,0.0013004
108,202.192,0.86766,1.61506,0.78465,1.05339,0.92615,0.92857,0.93695,0.6104,0.92615,0.92857,0.93695,0.57368,1.15371,1.82653,0.98749,1.2136,0.0012938,0.0012938,0.0012938
109,203.606,0.90544,1.71494,0.78721,1.05483,0.86087,0.92857,0.9206,0.5903,0.86087,0.92857,0.9206,0.57474,1.18256,1.68741,1.07945,1.27043,0.0012872,0.0012872,0.0012872
110,204.977,0.89324,1.57034,0.70601,1.02476,0.91507,0.85714,0.90829,0.58923,0.91507,0.85714,0.90829,0.59395,1.16848,1.58145,1.10498,1.27619,0.0012806,0.0012806,0.0012806
111,206.341,0.87576,1.60205,0.75528,1.0357,0.86393,0.92857,0.9253,0.60493,0.91472,0.92857,0.93079,0.59914,1.20108,1.63635,1.02578,1.28603,0.001274,0.001274,0.001274
112,207.753,0.91884,1.74458,0.75765,1.06358,0.91793,0.92857,0.9513,0.61288,0.91793,0.92857,0.9513,0.57269,1.18003,1.75522,0.94643,1.33267,0.0012674,0.0012674,0.0012674
113,209.179,1.00304,1.62231,0.81775,1.13129,1,0.92764,0.974,0.6267,1,0.92764,0.974,0.59262,1.16391,1.78085,0.90094,1.33864,0.0012608,0.0012608,0.0012608
114,210.65,0.88973,1.60725,0.74539,1.04157,1,0.92666,0.98265,0.62927,1,0.92666,0.98265,0.61746,1.11193,1.68661,0.81653,1.31544,0.0012542,0.0012542,0.0012542
115,212.135,0.94933,1.59965,0.79111,1.06432,0.96248,0.85714,0.937,0.6473,0.92031,0.92857,0.98125,0.63457,1.08822,1.60876,0.80681,1.24585,0.0012476,0.0012476,0.0012476
116,213.602,0.92406,1.61436,0.77209,1.06256,0.98587,0.85714,0.9565,0.68732,0.93325,0.99878,0.99033,0.64619,0.98457,1.70045,0.72703,1.11844,0.001241,0.001241,0.001241
117,215.007,0.85448,1.58629,0.78648,1.05601,0.86658,0.92795,0.94851,0.68998,0.93316,0.99745,0.97167,0.6327,1.00957,1.83246,0.71134,1.11806,0.0012344,0.0012344,0.0012344
118,216.589,0.9177,1.53021,0.75515,1.05934,0.98966,0.85714,0.98125,0.71068,1,0.97239,0.995,0.63629,1.09588,1.7158,0.6963,1.18835,0.0012278,0.0012278,0.0012278
119,217.953,0.92479,1.55838,0.77344,1.07143,0.9285,0.92767,0.98125,0.73032,1,0.92383,0.98625,0.66441,1.04892,1.5188,0.65142,1.19671,0.0012212,0.0012212,0.0012212
120,219.316,0.86813,1.54762,0.7412,1.02384,0.90601,1,0.98567,0.72194,0.9882,0.92857,0.99033,0.68147,0.96288,1.58273,0.63179,1.17225,0.0012146,0.0012146,0.0012146
121,220.885,0.88495,1.55221,0.77099,1.06216,0.92676,1,0.99033,0.71657,0.92676,1,0.99033,0.66997,1.00757,1.66124,0.62799,1.16898,0.001208,0.001208,0.001208
122,222.228,0.91584,1.65632,0.78524,1.05455,0.95352,1,0.995,0.72947,0.95352,1,0.995,0.66371,1.08024,1.77448,0.63074,1.15282,0.0012014,0.0012014,0.0012014
123,223.637,0.85388,1.58521,0.7165,1.01521,0.99215,1,0.995,0.71926,0.99215,1,0.995,0.63431,1.07963,1.90314,0.65239,1.13104,0.0011948,0.0011948,0.0011948
124,225.115,0.85076,1.52711,0.73905,1.01679,0.99805,0.92857,0.97167,0.72801,0.99805,0.92857,0.97167,0.65208,0.9916,1.68889,0.67544,1.09417,0.0011882,0.0011882,0.0011882
125,226.479,0.83462,1.46412,0.71968,1.02707,0.92784,0.92857,0.96455,0.6982,0.92784,0.92857,0.96455,0.67146,0.98182,1.55423,0.67123,1.10945,0.0011816,0.0011816,0.0011816
126,228.002,0.89,1.54182,0.72513,1.05337,0.97721,0.92857,0.97944,0.7104,0.97721,0.92857,0.97944,0.66751,1.01771,1.52139,0.65203,1.12921,0.001175,0.001175,0.001175
127,229.454,0.80246,1.57764,0.70135,1.03673,0.99086,0.92857,0.98265,0.70476,0.99086,0.92857,0.98265,0.65398,1.06294,1.57635,0.65025,1.12956,0.0011684,0.0011684,0.0011684
128,230.898,0.88306,1.6694,0.76212,1.05254,0.98743,0.85714,0.96345,0.67473,0.98743,0.85714,0.96345,0.639,1.07245,1.74274,0.64369,1.14762,0.0011618,0.0011618,0.0011618
129,232.436,0.89329,1.61083,0.70707,1.03205,0.98586,0.85714,0.95448,0.71268,0.98586,0.85714,0.95448,0.64751,0.98005,1.7429,0.65971,1.12432,0.0011552,0.0011552,0.0011552
130,233.922,0.83201,1.57314,0.67424,1.01502,0.95237,0.85714,0.93717,0.71262,0.95237,0.85714,0.93717,0.63406,0.95818,1.73971,0.68875,1.12222,0.0011486,0.0011486,0.0011486
131,235.382,0.73282,1.47179,0.68332,1.00773,0.98487,0.85714,0.90815,0.65085,0.98487,0.85714,0.9237,0.59948,1.03094,1.84934,0.80653,1.15822,0.001142,0.001142,0.001142
132,236.807,0.82331,1.54409,0.71865,1.01229,1,0.83962,0.9042,0.68263,0.91651,0.92857,0.93782,0.5931,1.04172,1.78976,0.78609,1.18404,0.0011354,0.0011354,0.0011354
133,238.221,0.81289,1.50178,0.69274,0.98946,0.98059,0.78571,0.88099,0.63669,0.92041,0.92857,0.93531,0.57159,1.0965,1.85321,0.77351,1.24956,0.0011288,0.0011288,0.0011288
134,239.805,0.85424,1.60784,0.73132,1.02483,0.97851,0.78571,0.87439,0.62441,0.92085,0.92857,0.93342,0.57659,1.14736,1.76986,0.81543,1.31072,0.0011222,0.0011222,0.0011222
135,241.384,0.8622,1.63931,0.72512,1.02869,0.98169,0.78571,0.87007,0.62942,1,0.85458,0.93225,0.58431,1.14533,1.68855,0.86941,1.29978,0.0011156,0.0011156,0.0011156
136,242.969,0.88084,1.61679,0.74845,1.03783,0.90861,0.85714,0.86944,0.63629,0.98472,0.92857,0.93399,0.59768,1.10128,1.5809,0.87838,1.24517,0.001109,0.001109,0.001109
137,244.82,0.88863,1.56124,0.71978,1.04571,1,0.83638,0.91718,0.66421,0.92379,0.92857,0.94385,0.62002,1.05744,1.52529,0.87233,1.20185,0.0011024,0.0011024,0.0011024
138,246.74,0.82925,1.58756,0.68645,1.01168,0.90055,0.85714,0.94684,0.665,0.92345,0.92857,0.96167,0.64084,1.06198,1.52436,0.79215,1.20484,0.0010958,0.0010958,0.0010958
139,248.714,0.77257,1.43757,0.64671,0.98805,0.99103,0.85714,0.9501,0.67952,0.91396,0.92857,0.96455,0.64131,1.05788,1.63622,0.79944,1.2127,0.0010892,0.0010892,0.0010892
140,250.683,0.81838,1.54785,0.70104,1.01374,0.9862,0.85714,0.91814,0.65072,1,0.91563,0.94678,0.63665,1.0095,1.70334,0.75358,1.17472,0.0010826,0.0010826,0.0010826
141,252.631,0.80846,1.6031,0.68745,1.00179,0.99041,0.85714,0.91118,0.65409,1,0.91816,0.94161,0.64362,1.0261,1.66769,0.78359,1.17927,0.001076,0.001076,0.001076
142,254.572,0.80864,1.43367,0.70153,0.99093,0.99135,0.85714,0.91176,0.66283,0.99135,0.85714,0.93885,0.64245,1.05883,1.73421,0.78649,1.21222,0.0010694,0.0010694,0.0010694
143,256.657,0.90138,1.65398,0.76349,1.05439,0.99119,0.85714,0.8944,0.60398,1,0.92231,0.94107,0.58368,1.02131,1.83233,0.84979,1.20935,0.0010628,0.0010628,0.0010628
144,258.732,0.8025,1.6603,0.74241,1.03351,0.98498,0.85714,0.92436,0.63636,1,0.92401,0.953,0.61537,1.03055,1.89828,0.8154,1.26067,0.0010562,0.0010562,0.0010562
145,260.504,0.8038,1.46257,0.70869,1.04139,1,0.85603,0.93753,0.66075,0.92777,0.92857,0.9592,0.63392,1.03681,1.82551,0.75323,1.24247,0.0010496,0.0010496,0.0010496
146,261.929,0.79849,1.57526,0.68973,1.01915,0.97858,0.85714,0.93377,0.68632,1,0.9152,0.96761,0.63659,1.03468,1.74916,0.69141,1.22297,0.001043,0.001043,0.001043
147,263.341,0.83272,1.64598,0.72828,1.04222,0.98351,0.85714,0.94622,0.66183,0.99465,0.92857,0.98265,0.66359,1.06909,1.68095,0.70338,1.24691,0.0010364,0.0010364,0.0010364
148,264.829,0.83091,1.63526,0.72031,1.03163,0.92836,0.92579,0.96455,0.67527,1,0.99569,0.995,0.63915,1.07336,1.78615,0.70685,1.25947,0.0010298,0.0010298,0.0010298
149,266.303,0.78781,1.48881,0.67387,1.01466,0.98752,0.85714,0.96467,0.67919,0.92364,1,0.99033,0.64637,1.03761,1.82986,0.69854,1.22502,0.0010232,0.0010232,0.0010232
150,267.833,0.84785,1.51778,0.69649,1.05575,0.91588,0.85714,0.94774,0.67618,0.92834,0.92561,0.95944,0.62465,1.06883,1.83192,0.67718,1.24101,0.0010166,0.0010166,0.0010166
151,269.329,0.81202,1.5139,0.68842,0.99038,0.99201,0.85714,0.97029,0.66963,1,0.92291,0.98265,0.62563,1.08255,1.79824,0.68751,1.23403,0.00101,0.00101,0.00101
152,270.784,0.81374,1.53893,0.67759,0.99307,1,0.92303,0.97944,0.70757,1,0.92303,0.97944,0.64561,1.01622,1.8096,0.70237,1.15156,0.0010034,0.0010034,0.0010034
153,272.237,0.80735,1.57011,0.65411,0.99698,1,0.92268,0.99033,0.6908,1,0.92268,0.99033,0.65976,1.02148,1.75499,0.70514,1.14524,0.0009968,0.0009968,0.0009968
154,273.679,0.75384,1.4677,0.6563,1.00698,1,0.99465,0.995,0.69461,1,0.99465,0.995,0.64024,1.01972,1.78515,0.71959,1.10961,0.0009902,0.0009902,0.0009902
155,275.044,0.77026,1.60054,0.66409,0.98165,0.97992,0.92857,0.98625,0.70272,0.97992,0.92857,0.98625,0.62176,1.03274,1.9178,0.69838,1.0992,0.0009836,0.0009836,0.0009836
156,276.576,0.71448,1.41562,0.63082,0.98301,0.91855,0.92857,0.96944,0.70082,0.91855,0.92857,0.96944,0.60566,1.02616,1.92848,0.62834,1.09731,0.000977,0.000977,0.000977
157,278.011,0.80855,1.54294,0.66647,1.00452,0.9242,0.8717,0.97765,0.70231,0.9242,0.8717,0.97765,0.6379,0.99183,1.70036,0.67848,1.0751,0.0009704,0.0009704,0.0009704
158,279.492,0.76162,1.45888,0.65572,0.97429,0.92406,0.86993,0.969,0.70933,0.92406,0.86993,0.969,0.66746,0.96644,1.5561,0.75207,1.041,0.0009638,0.0009638,0.0009638
159,281.092,0.76159,1.36064,0.65326,0.97862,0.91749,0.85714,0.9491,0.70173,0.91749,0.85714,0.9491,0.66109,0.94352,1.53554,0.76685,1.03168,0.0009572,0.0009572,0.0009572
160,282.675,0.80146,1.46242,0.66977,0.99862,0.86597,0.92857,0.95791,0.68133,0.86597,0.92857,0.95791,0.63931,1.0144,1.62286,0.66547,1.13098,0.0009506,0.0009506,0.0009506
161,284.273,0.78244,1.45064,0.65999,0.98437,0.86631,0.92586,0.94894,0.67253,0.86623,1,0.96875,0.63427,1.06555,1.69532,0.65164,1.17065,0.000944,0.000944,0.000944
162,285.631,0.75897,1.38269,0.65228,0.99147,0.92763,1,0.981,0.68431,0.92763,1,0.981,0.63619,1.03272,1.73685,0.62394,1.12151,0.0009374,0.0009374,0.0009374
163,287.055,0.75996,1.44875,0.64052,0.98272,1,0.99143,0.995,0.7156,1,0.99143,0.995,0.66456,0.96211,1.78101,0.59118,1.05502,0.0009308,0.0009308,0.0009308
164,289.13,0.81493,1.55823,0.70457,1.02348,0.86765,1,0.97625,0.71349,0.86765,1,0.97625,0.66014,1.003,1.7675,0.68685,1.10358,0.0009242,0.0009242,0.0009242
165,291.166,0.78085,1.41278,0.6554,0.99514,0.92682,0.92857,0.96658,0.69972,0.92682,0.92857,0.96658,0.65148,1.01772,1.844,0.7364,1.16262,0.0009176,0.0009176,0.0009176
166,293.331,0.73905,1.33944,0.63628,0.96661,1,0.89391,0.96761,0.68824,1,0.89391,0.96761,0.6171,1.05165,1.8711,0.77101,1.22137,0.000911,0.000911,0.000911
167,295.478,0.73611,1.43632,0.62272,0.96237,0.88744,0.85714,0.94223,0.64038,0.92266,0.92857,0.97158,0.6275,1.07115,1.79363,0.74687,1.25975,0.0009044,0.0009044,0.0009044
168,297.565,0.78118,1.43175,0.685,1.00925,0.86386,0.90749,0.95088,0.6233,0.85308,1,0.97212,0.61059,1.1447,1.63712,0.74046,1.32132,0.0008978,0.0008978,0.0008978
169,299.35,0.78097,1.39096,0.64454,1.00605,0.87394,0.99094,0.9775,0.64294,0.87394,0.99094,0.9775,0.6243,1.11983,1.52666,0.7191,1.28863,0.0008912,0.0008912,0.0008912
170,300.622,0.74548,1.42578,0.62523,0.99768,0.81446,1,0.95231,0.65348,0.81446,1,0.95716,0.62401,1.09798,1.47829,0.69493,1.24481,0.0008846,0.0008846,0.0008846
171,302.037,0.73312,1.4074,0.65355,0.99505,0.92815,0.92311,0.969,0.69559,0.86804,1,0.98125,0.66392,1.05553,1.48449,0.6573,1.19181,0.000878,0.000878,0.000878
172,303.67,0.76566,1.42142,0.66442,0.9935,0.9889,0.78571,0.92925,0.66877,0.8651,0.91685,0.96473,0.6443,1.01521,1.5775,0.69655,1.14131,0.0008714,0.0008714,0.0008714
173,304.997,0.76823,1.33326,0.66986,0.99917,0.98258,0.78571,0.94108,0.67143,0.92165,0.92857,0.98125,0.64431,1.02728,1.64865,0.66895,1.1387,0.0008648,0.0008648,0.0008648
174,306.315,0.71325,1.37151,0.62529,0.98038,1,0.85099,0.95642,0.67659,0.99045,0.92857,0.98625,0.65446,1.04291,1.66031,0.65172,1.14438,0.0008582,0.0008582,0.0008582
175,307.553,0.76042,1.38376,0.62193,0.98228,0.87493,0.99941,0.98125,0.69656,0.87493,0.99941,0.98125,0.66028,1.0224,1.71607,0.62925,1.13006,0.0008516,0.0008516,0.0008516
176,308.98,0.71977,1.30926,0.63641,0.95634,1,0.92252,0.98625,0.70578,1,0.92252,0.98625,0.64719,0.99082,1.87292,0.55063,1.14359,0.000845,0.000845,0.000845
177,310.331,0.75406,1.30542,0.60774,0.96397,0.93195,0.92857,0.98265,0.69489,0.93195,0.92857,0.98265,0.64004,1.0163,1.98324,0.51817,1.17992,0.0008384,0.0008384,0.0008384
178,311.983,0.75517,1.49682,0.62058,0.99832,0.9934,0.85714,0.97765,0.70185,0.9934,0.85714,0.97765,0.61113,1.02741,2.09539,0.53369,1.19591,0.0008318,0.0008318,0.0008318
179,313.367,0.73317,1.34144,0.63682,0.99168,0.99907,0.92857,0.98265,0.68543,0.99907,0.92857,0.98265,0.62215,1.01978,2.04639,0.55088,1.2,0.0008252,0.0008252,0.0008252
180,314.701,0.78501,1.39483,0.66196,0.99742,1,0.92313,0.95382,0.69848,1,0.92313,0.95382,0.65943,1.01057,1.80987,0.62873,1.21019,0.0008186,0.0008186,0.0008186
181,316.256,0.72141,1.32266,0.62711,0.98852,1,0.91894,0.96,0.69196,1,0.91894,0.96,0.6559,0.98443,1.7198,0.64886,1.19995,0.000812,0.000812,0.000812
182,317.636,0.73255,1.36714,0.63596,0.97686,0.91702,0.85714,0.94398,0.70072,0.99527,0.92857,0.96583,0.6753,0.94907,1.66214,0.6375,1.20219,0.0008054,0.0008054,0.0008054
183,318.905,0.72458,1.30878,0.6478,0.98898,0.98901,0.92857,0.97167,0.73355,0.98901,0.92857,0.97167,0.66834,0.9267,1.56382,0.61825,1.19333,0.0007988,0.0007988,0.0007988
184,320.482,0.72725,1.32682,0.64173,0.97591,0.92635,1,0.99033,0.75005,0.92635,1,0.99033,0.71215,0.90181,1.43565,0.54983,1.15367,0.0007922,0.0007922,0.0007922
185,321.911,0.72341,1.32104,0.61082,0.96074,0.92795,0.92052,0.9513,0.76843,1,0.99153,0.995,0.7208,0.93035,1.3948,0.51888,1.18588,0.0007856,0.0007856,0.0007856
186,323.275,0.75632,1.37149,0.61327,0.99266,0.92799,0.92097,0.9497,0.73211,1,0.99223,0.995,0.71188,0.96885,1.37261,0.55382,1.21037,0.000779,0.000779,0.000779
187,324.657,0.75296,1.40795,0.64937,0.97976,0.98994,0.85714,0.93744,0.72282,0.99441,0.92857,0.99033,0.70949,0.99432,1.39269,0.60861,1.22948,0.0007724,0.0007724,0.0007724
188,326.124,0.65616,1.30706,0.56163,0.9656,0.97938,0.85714,0.92078,0.7094,0.99588,0.92857,0.98265,0.66829,0.9595,1.5766,0.72178,1.20402,0.0007658,0.0007658,0.0007658
189,327.489,0.69541,1.21577,0.55263,0.94215,0.97538,0.85714,0.91442,0.72019,0.99582,0.92857,0.97658,0.6536,0.95545,1.72028,0.67403,1.18146,0.0007592,0.0007592,0.0007592
190,328.834,0.68201,1.31676,0.55564,0.9672,0.96967,0.85714,0.90634,0.70025,0.99414,0.92857,0.96583,0.63199,0.96596,1.78478,0.66512,1.18543,0.0007526,0.0007526,0.0007526
191,330.221,0.69878,1.35267,0.56727,0.95163,0.97701,0.85714,0.91025,0.70624,0.99544,0.92857,0.9642,0.62191,0.96696,1.93566,0.69017,1.17318,0.000746,0.000746,0.000746
192,331.585,0.7401,1.36288,0.59088,0.9779,0.98182,0.85714,0.96011,0.72178,0.9972,0.92857,0.98265,0.66607,0.95041,1.90239,0.63054,1.1765,0.0007394,0.0007394,0.0007394
193,332.92,0.76959,1.31455,0.61629,1.02642,0.9959,0.92857,0.99033,0.71605,0.9959,0.92857,0.99033,0.69823,0.95371,1.7648,0.58687,1.174,0.0007328,0.0007328,0.0007328
194,334.273,0.72269,1.36634,0.57543,0.96579,1,0.99086,0.995,0.7431,1,0.99086,0.995,0.71034,0.96387,1.73758,0.5649,1.18102,0.0007262,0.0007262,0.0007262
195,335.731,0.69365,1.29555,0.58515,0.95632,1,0.99225,0.995,0.71976,1,0.99225,0.995,0.70894,0.95902,1.71286,0.54653,1.17936,0.0007196,0.0007196,0.0007196
196,337.165,0.73732,1.2838,0.58937,0.99468,1,0.99137,0.995,0.71605,1,0.99137,0.995,0.70286,0.94199,1.54375,0.51085,1.16413,0.000713,0.000713,0.000713
197,338.513,0.68425,1.31616,0.57292,0.96206,1,0.99202,0.995,0.72426,1,0.99202,0.995,0.68399,0.93716,1.46172,0.49193,1.16719,0.0007064,0.0007064,0.0007064
198,339.936,0.69489,1.27359,0.56492,0.96889,0.99085,1,0.995,0.72354,0.99085,1,0.995,0.68165,0.95718,1.41958,0.50593,1.17992,0.0006998,0.0006998,0.0006998
199,341.356,0.76059,1.4184,0.60176,0.98352,0.92445,1,0.99033,0.72043,0.92445,1,0.99033,0.68035,1.00405,1.4513,0.57424,1.20307,0.0006932,0.0006932,0.0006932
200,342.761,0.70328,1.2787,0.57334,0.97204,0.8736,0.98804,0.97125,0.69912,0.8736,0.98804,0.97125,0.67309,1.07535,1.53413,0.67458,1.31782,0.0006866,0.0006866,0.0006866
201,344.038,0.67667,1.25413,0.60027,0.95658,0.90513,0.92857,0.959,0.68434,0.90513,0.92857,0.959,0.64701,1.0667,1.60452,0.7567,1.30618,0.00068,0.00068,0.00068
202,345.347,0.6336,1.23848,0.54335,0.93439,0.86637,0.92857,0.95261,0.70529,0.86637,0.92857,0.95261,0.63683,1.03974,1.6297,0.80276,1.26761,0.0006734,0.0006734,0.0006734
203,346.769,0.70446,1.30828,0.58216,0.96967,0.85685,0.85714,0.92226,0.65382,0.87351,0.92857,0.9345,0.62208,1.00104,1.63072,0.83462,1.20947,0.0006668,0.0006668,0.0006668
204,348.338,0.7017,1.30696,0.56884,0.96742,0.86557,0.92032,0.96233,0.69513,0.93275,0.99119,0.99033,0.65762,1.00603,1.76971,0.68948,1.19738,0.0006602,0.0006602,0.0006602
205,349.734,0.66025,1.33666,0.55511,0.94612,1,0.9087,0.97658,0.70041,0.92156,1,0.99033,0.64805,1.00316,1.85347,0.60991,1.20611,0.0006536,0.0006536,0.0006536
206,351.087,0.73495,1.38895,0.6043,0.96232,0.99268,0.92857,0.974,0.72156,0.91992,1,0.99033,0.65062,0.99898,1.87442,0.58845,1.22219,0.000647,0.000647,0.000647
207,352.589,0.67103,1.23198,0.54087,0.96485,0.99926,0.92857,0.96955,0.73168,1,0.98039,0.995,0.65309,1.00855,1.81153,0.58335,1.25222,0.0006404,0.0006404,0.0006404
208,354.082,0.63281,1.26229,0.53236,0.98272,1,0.92152,0.97167,0.73661,0.99165,1,0.995,0.68261,0.96558,1.59722,0.54896,1.2547,0.0006338,0.0006338,0.0006338
209,355.464,0.71595,1.32233,0.60965,0.98626,1,0.90938,0.974,0.73921,0.98569,1,0.995,0.69461,0.97575,1.53464,0.53107,1.24468,0.0006272,0.0006272,0.0006272
210,356.859,0.67742,1.3525,0.56577,0.95637,0.92041,0.92857,0.969,0.7382,0.99177,1,0.995,0.70138,0.98309,1.54309,0.54396,1.21735,0.0006206,0.0006206,0.0006206
211,358.755,0.69805,1.36858,0.58269,0.96244,0.9214,0.92857,0.97158,0.73711,0.99279,1,0.995,0.709,1.00914,1.54537,0.56205,1.22816,0.000614,0.000614,0.000614
212,360.72,0.68178,1.24616,0.60042,0.97096,0.92522,0.92857,0.969,0.71237,0.99726,1,0.995,0.66753,1.0122,1.58876,0.58151,1.25858,0.0006074,0.0006074,0.0006074
213,362.794,0.69593,1.3091,0.55205,0.95708,0.92836,0.92583,0.969,0.72021,1,0.9961,0.995,0.67132,1.01044,1.59527,0.55134,1.25757,0.0006008,0.0006008,0.0006008
214,364.736,0.6411,1.21183,0.54559,0.94141,0.92789,0.91974,0.96455,0.71756,1,0.99063,0.995,0.67771,0.98912,1.57895,0.57264,1.25027,0.0005942,0.0005942,0.0005942
215,366.698,0.69174,1.32519,0.56111,0.94846,0.92775,0.91783,0.94649,0.7256,1,0.989,0.995,0.67452,1.01467,1.57794,0.60733,1.2886,0.0005876,0.0005876,0.0005876
216,368.198,0.65815,1.30568,0.52089,0.94052,0.9488,0.85714,0.93243,0.68346,0.97453,0.92857,0.98265,0.67188,1.03255,1.62203,0.7285,1.29749,0.000581,0.000581,0.000581
217,369.539,0.64754,1.19433,0.52039,0.9315,0.95282,0.85714,0.94157,0.70774,0.98832,0.92857,0.98625,0.66791,1.04772,1.64789,0.69548,1.3111,0.0005744,0.0005744,0.0005744
218,370.833,0.67585,1.22906,0.56477,0.95996,0.96145,0.85714,0.93608,0.70599,0.93295,0.99428,0.99033,0.65168,1.04321,1.67864,0.64843,1.31881,0.0005678,0.0005678,0.0005678
219,372.055,0.6594,1.25908,0.503,0.95488,0.98511,0.85714,0.94449,0.72437,0.92486,1,0.99033,0.65377,1.01807,1.69911,0.55521,1.2792,0.0005612,0.0005612,0.0005612
220,373.404,0.60915,1.23167,0.51374,0.92864,1,0.91562,0.97167,0.74033,0.99023,1,0.995,0.66392,0.99267,1.58899,0.51418,1.2188,0.0005546,0.0005546,0.0005546
221,374.833,0.61531,1.16502,0.48423,0.92989,1,0.9173,0.97167,0.73611,0.99028,1,0.995,0.68281,0.99542,1.55847,0.50291,1.22437,0.000548,0.000548,0.000548
222,376.241,0.72842,1.38269,0.59199,0.97129,0.9903,1,0.995,0.72553,0.9903,1,0.995,0.6933,1.0073,1.56792,0.49273,1.23862,0.0005414,0.0005414,0.0005414
223,377.57,0.61056,1.16874,0.49064,0.94011,0.99025,1,0.995,0.72168,0.99025,1,0.995,0.68865,1.01679,1.59604,0.48959,1.22888,0.0005348,0.0005348,0.0005348
224,378.936,0.65198,1.2641,0.53748,0.9554,0.99121,1,0.995,0.7227,0.99121,1,0.995,0.68834,0.99393,1.64715,0.45701,1.22543,0.0005282,0.0005282,0.0005282
225,380.274,0.67231,1.42049,0.56043,0.97899,0.99148,1,0.995,0.72004,0.99148,1,0.995,0.68279,0.99981,1.67516,0.46456,1.23432,0.0005216,0.0005216,0.0005216
226,381.623,0.623,1.28968,0.58488,0.95068,1,0.99733,0.995,0.74206,1,0.99733,0.995,0.6806,0.99405,1.66846,0.47411,1.23823,0.000515,0.000515,0.000515
227,383.011,0.60134,1.29374,0.55491,0.93123,0.9965,0.92857,0.98625,0.73523,0.9965,0.92857,0.98625,0.68427,0.98412,1.68191,0.49644,1.23616,0.0005084,0.0005084,0.0005084
228,384.396,0.65672,1.20994,0.54369,0.96227,0.99749,0.92857,0.97167,0.72442,0.99749,0.92857,0.97167,0.65185,0.96401,1.91871,0.5333,1.22599,0.0005018,0.0005018,0.0005018
229,385.823,0.63633,1.20819,0.55984,0.94667,0.99749,0.92857,0.96955,0.73536,0.99749,0.92857,0.96955,0.63475,0.93057,2.0447,0.54915,1.2233,0.0004952,0.0004952,0.0004952
230,387.258,0.60745,1.21618,0.5321,0.93911,0.97988,0.85714,0.95642,0.72574,0.99819,0.92857,0.96955,0.63641,0.90702,2.11496,0.55253,1.21124,0.0004886,0.0004886,0.0004886
231,388.618,0.63154,1.1482,0.51785,0.96583,0.97862,0.85714,0.95307,0.71131,0.99825,0.92857,0.96955,0.63883,0.91418,2.09969,0.56598,1.21602,0.000482,0.000482,0.000482
232,390.127,0.62646,1.18845,0.51827,0.95307,1,0.92185,0.974,0.73299,1,0.92185,0.974,0.6669,0.91116,1.85228,0.54342,1.18962,0.0004754,0.0004754,0.0004754
233,391.572,0.64981,1.21742,0.52459,0.95636,1,0.92034,0.97658,0.71728,1,0.92034,0.97658,0.66333,0.90823,1.73473,0.52838,1.16435,0.0004688,0.0004688,0.0004688
234,392.999,0.6391,1.15597,0.52272,0.94012,1,0.91838,0.97658,0.73116,1,0.91838,0.97658,0.67485,0.91635,1.68885,0.51098,1.15127,0.0004622,0.0004622,0.0004622
235,394.363,0.62461,1.22528,0.51531,0.93566,1,0.91673,0.97944,0.73004,1,0.91673,0.97944,0.67693,0.9204,1.71238,0.49796,1.14354,0.0004556,0.0004556,0.0004556
236,395.726,0.60234,1.14477,0.49495,0.91959,1,0.92269,0.97944,0.72045,1,0.92269,0.97944,0.68358,0.91914,1.78384,0.47003,1.14479,0.000449,0.000449,0.000449
237,397.106,0.61995,1.21633,0.5242,0.94148,1,0.92595,0.98625,0.7391,1,0.92595,0.98625,0.65911,0.92256,1.81646,0.46072,1.15963,0.0004424,0.0004424,0.0004424
238,398.485,0.6049,1.20353,0.51042,0.93865,1,0.92825,0.98625,0.72781,1,0.92825,0.98625,0.66536,0.93009,1.79784,0.44185,1.16825,0.0004358,0.0004358,0.0004358
239,399.903,0.60331,1.13493,0.52874,0.92223,0.99718,0.92857,0.99033,0.73787,0.99718,0.92857,0.99033,0.67435,0.92917,1.76026,0.42892,1.17118,0.0004292,0.0004292,0.0004292
240,401.495,0.6165,1.12914,0.511,0.9317,0.99558,0.92857,0.99033,0.74972,0.99558,0.92857,0.99033,0.69696,0.933,1.66004,0.47585,1.17754,0.0004226,0.0004226,0.0004226
241,402.966,0.61772,1.16884,0.48445,0.9469,0.99542,0.92857,0.98625,0.74571,0.99542,0.92857,0.98625,0.69528,0.93417,1.65284,0.49712,1.18038,0.000416,0.000416,0.000416
242,404.314,0.64435,1.17415,0.51571,0.95493,0.99552,0.92857,0.98625,0.73479,0.99552,0.92857,0.98625,0.71082,0.95007,1.64196,0.52127,1.18659,0.0004094,0.0004094,0.0004094
243,405.685,0.62345,1.19598,0.50527,0.94244,0.99574,0.92857,0.97944,0.73004,0.99574,0.92857,0.97944,0.69883,0.96025,1.61983,0.55006,1.20017,0.0004028,0.0004028,0.0004028
244,407.091,0.5973,1.13071,0.49477,0.93908,1,0.92813,0.97658,0.71741,1,0.92813,0.97658,0.69704,0.97065,1.57685,0.60091,1.20102,0.0003962,0.0003962,0.0003962
245,408.491,0.63373,1.14463,0.49074,0.92433,1,0.92575,0.974,0.72273,1,0.92575,0.974,0.6853,0.95152,1.53921,0.57286,1.18803,0.0003896,0.0003896,0.0003896
246,409.93,0.63208,1.19264,0.54793,0.96829,1,0.92464,0.974,0.74566,1,0.92464,0.974,0.69516,0.92575,1.4952,0.53124,1.17474,0.000383,0.000383,0.000383
247,411.285,0.59159,1.18947,0.50928,0.94218,1,0.92447,0.97658,0.74089,1,0.92447,0.97658,0.7066,0.91442,1.4789,0.52635,1.17814,0.0003764,0.0003764,0.0003764
248,412.757,0.63688,1.15618,0.51757,0.92864,1,0.98261,0.995,0.74315,1,0.98261,0.995,0.71048,0.92593,1.584,0.48391,1.1895,0.0003698,0.0003698,0.0003698
249,414.107,0.67249,1.2233,0.54236,0.95553,0.99344,1,0.995,0.74466,0.99344,1,0.995,0.70194,0.92106,1.65356,0.47473,1.18665,0.0003632,0.0003632,0.0003632
250,415.429,0.6719,1.31421,0.56185,0.98125,0.99858,1,0.995,0.75212,0.99858,1,0.995,0.68692,0.92478,1.70753,0.47859,1.19112,0.0003566,0.0003566,0.0003566
251,416.747,0.56782,1.12352,0.49863,0.92623,0.99532,1,0.995,0.7486,0.99532,1,0.995,0.69536,0.92783,1.72062,0.49759,1.1922,0.00035,0.00035,0.00035
252,418.198,0.60531,1.23897,0.49599,0.92957,0.9961,1,0.995,0.72007,0.9961,1,0.995,0.69672,0.94708,1.66212,0.50709,1.17779,0.0003434,0.0003434,0.0003434
253,419.659,0.61814,1.15823,0.4992,0.94106,0.9975,1,0.995,0.72699,0.9975,1,0.995,0.69047,0.9514,1.6432,0.50288,1.16212,0.0003368,0.0003368,0.0003368
254,421.136,0.61139,1.2078,0.51946,0.94684,0.99629,1,0.995,0.73519,0.99629,1,0.995,0.67954,0.95153,1.64335,0.50292,1.15337,0.0003302,0.0003302,0.0003302
255,422.611,0.59401,1.12555,0.49158,0.92849,0.99439,1,0.995,0.72384,0.99439,1,0.995,0.69146,0.94601,1.64346,0.47549,1.14421,0.0003236,0.0003236,0.0003236
256,424.126,0.61039,1.18079,0.51601,0.93618,0.99237,1,0.995,0.775,0.99237,1,0.995,0.72317,0.90777,1.70326,0.45579,1.13213,0.000317,0.000317,0.000317
257,425.638,0.63895,1.24763,0.51728,0.94195,0.9942,1,0.995,0.7596,0.9942,1,0.995,0.72101,0.91821,1.73119,0.47189,1.14649,0.0003104,0.0003104,0.0003104
258,427.151,0.58672,1.15464,0.47766,0.94336,0.99738,1,0.995,0.77398,0.99738,1,0.995,0.70322,0.92731,1.73387,0.48161,1.16459,0.0003038,0.0003038,0.0003038
259,428.666,0.64495,1.1493,0.51774,0.94833,1,0.99625,0.995,0.7727,1,0.99625,0.995,0.69615,0.90359,1.69818,0.49209,1.15735,0.0002972,0.0002972,0.0002972
260,430.139,0.60053,1.1473,0.49646,0.93659,1,0.99368,0.995,0.75531,1,0.99368,0.995,0.7066,0.89162,1.59843,0.5022,1.1486,0.0002906,0.0002906,0.0002906
261,431.565,0.62481,1.12847,0.49882,0.95205,1,0.99338,0.995,0.74265,1,0.99338,0.995,0.70871,0.90707,1.57564,0.51781,1.15228,0.000284,0.000284,0.000284
262,433.163,0.55925,1.10388,0.45721,0.92356,1,0.99353,0.995,0.74181,1,0.99353,0.995,0.72849,0.91751,1.5583,0.52495,1.16021,0.0002774,0.0002774,0.0002774
263,434.596,0.61929,1.1985,0.5579,0.96726,1,0.99414,0.995,0.74298,1,0.99414,0.995,0.73176,0.92952,1.55053,0.5255,1.17079,0.0002708,0.0002708,0.0002708
264,436.189,0.58947,1.07624,0.47619,0.92188,1,0.99507,0.995,0.74428,1,0.99507,0.995,0.71119,0.93344,1.56237,0.53051,1.19505,0.0002642,0.0002642,0.0002642
265,437.787,0.56913,1.19011,0.4979,0.92491,1,0.99433,0.995,0.74156,1,0.99433,0.995,0.70671,0.94941,1.5813,0.54709,1.21659,0.0002576,0.0002576,0.0002576
266,439.174,0.57058,1.04987,0.46537,0.93025,1,0.99391,0.995,0.73383,1,0.99391,0.995,0.70944,0.95671,1.59538,0.56161,1.22997,0.000251,0.000251,0.000251
267,440.566,0.5892,1.13976,0.50416,0.92595,1,0.99373,0.995,0.73285,1,0.99373,0.995,0.6957,0.96569,1.61774,0.56026,1.23842,0.0002444,0.0002444,0.0002444
268,442.068,0.62296,1.10778,0.5378,0.94794,1,0.99474,0.995,0.74423,1,0.99474,0.995,0.69382,0.91356,1.62499,0.53191,1.17826,0.0002378,0.0002378,0.0002378
269,443.453,0.59526,1.14655,0.48137,0.94998,1,0.99352,0.995,0.75503,1,0.99352,0.995,0.71829,0.90722,1.61681,0.51697,1.16036,0.0002312,0.0002312,0.0002312
270,444.889,0.53699,1.08004,0.48093,0.92619,1,0.99322,0.995,0.75163,1,0.99322,0.995,0.72277,0.90196,1.59545,0.49962,1.14893,0.0002246,0.0002246,0.0002246
271,446.318,0.57258,1.15005,0.49795,0.90791,1,0.98997,0.995,0.76582,1,0.98997,0.995,0.73329,0.89724,1.57496,0.48744,1.14034,0.000218,0.000218,0.000218
272,447.772,0.53088,0.97817,0.42664,0.89148,1,0.98938,0.995,0.76209,1,0.98938,0.995,0.72545,0.89087,1.58612,0.47997,1.13192,0.0002114,0.0002114,0.0002114
273,449.218,0.58678,1.22812,0.49863,0.94045,1,0.99137,0.995,0.75049,1,0.99137,0.995,0.73096,0.88681,1.61049,0.46792,1.1283,0.0002048,0.0002048,0.0002048
274,450.648,0.54361,1.08305,0.46069,0.91279,1,0.9969,0.995,0.73156,1,0.9969,0.995,0.70653,0.88519,1.62281,0.45056,1.13208,0.0001982,0.0001982,0.0001982
275,452.208,0.5661,1.1401,0.48868,0.91923,1,0.99988,0.995,0.72712,1,0.99988,0.995,0.68853,0.88448,1.63363,0.4693,1.14139,0.0001916,0.0001916,0.0001916
276,453.688,0.55483,1.13071,0.47622,0.90258,0.99663,1,0.995,0.7358,0.99663,1,0.995,0.69626,0.90287,1.61872,0.47092,1.15535,0.000185,0.000185,0.000185
277,455.032,0.55328,1.1083,0.4783,0.93694,0.99602,1,0.995,0.73384,0.99602,1,0.995,0.6977,0.92048,1.61419,0.48137,1.16384,0.0001784,0.0001784,0.0001784
278,456.812,0.59463,1.11198,0.50326,0.92447,0.9959,1,0.995,0.74331,0.9959,1,0.995,0.70772,0.92843,1.60733,0.48348,1.1608,0.0001718,0.0001718,0.0001718
279,459.003,0.53234,1.14381,0.45723,0.92407,0.99648,1,0.995,0.74025,0.99648,1,0.995,0.70814,0.93876,1.59355,0.48773,1.16765,0.0001652,0.0001652,0.0001652
280,461.522,0.533,1.05861,0.47841,0.91435,1,0.99979,0.995,0.73308,1,0.99979,0.995,0.69858,0.9651,1.56167,0.50717,1.18731,0.0001586,0.0001586,0.0001586
281,463.767,0.58122,1.16316,0.46629,0.92126,1,0.99726,0.995,0.74881,1,0.99726,0.995,0.68813,0.96199,1.54663,0.50567,1.19358,0.000152,0.000152,0.000152
282,465.774,0.61235,1.13964,0.4805,0.93927,1,0.99522,0.995,0.74843,1,0.99522,0.995,0.71872,0.95907,1.53512,0.50687,1.19959,0.0001454,0.0001454,0.0001454
283,467.745,0.63875,1.25584,0.5097,0.9617,1,0.99336,0.995,0.74372,1,0.99336,0.995,0.73238,0.97261,1.53084,0.52178,1.21517,0.0001388,0.0001388,0.0001388
284,469.748,0.59325,1.10702,0.47104,0.93946,1,0.99213,0.995,0.73592,1,0.99213,0.995,0.73099,0.98546,1.54107,0.53032,1.23268,0.0001322,0.0001322,0.0001322
285,471.67,0.49923,1.00098,0.43717,0.90948,0.99312,0.92857,0.98265,0.73461,0.99312,0.92857,0.98265,0.71762,0.99544,1.54161,0.53692,1.23796,0.0001256,0.0001256,0.0001256
286,473.652,0.52737,1.10111,0.43687,0.92095,0.99286,0.92857,0.98265,0.74004,0.99286,0.92857,0.98265,0.71784,1.00484,1.54048,0.53942,1.24006,0.000119,0.000119,0.000119
287,475.658,0.56091,1.12648,0.44579,0.92058,0.99118,0.92857,0.97944,0.73896,0.99118,0.92857,0.97944,0.70834,1.01614,1.5427,0.5416,1.24306,0.0001124,0.0001124,0.0001124
288,477.79,0.5558,1.07322,0.46907,0.9052,0.98995,0.92857,0.97944,0.7391,0.98995,0.92857,0.97944,0.70207,1.02719,1.55595,0.54819,1.24711,0.0001058,0.0001058,0.0001058
289,479.738,0.58756,1.14158,0.49469,0.91083,0.99067,0.92857,0.97944,0.73961,0.99067,0.92857,0.97944,0.68054,1.0246,1.56713,0.54498,1.24461,9.92e-05,9.92e-05,9.92e-05
290,481.353,0.55159,1.03535,0.46916,0.91601,0.98994,0.92857,0.98265,0.74846,0.98994,0.92857,0.98265,0.68619,1.01786,1.58109,0.53987,1.24507,9.26e-05,9.26e-05,9.26e-05
291,512.339,0.61866,1.18443,0.7213,0.9311,0.99086,0.92857,0.98625,0.74474,0.99086,0.92857,0.98625,0.6843,1.01649,1.59395,0.53242,1.24765,8.6e-05,8.6e-05,8.6e-05
292,513.782,0.61557,1.17193,0.67514,0.93302,1,0.99132,0.995,0.7364,1,0.99132,0.995,0.68507,0.99075,1.66108,0.50228,1.24047,7.94e-05,7.94e-05,7.94e-05
293,515.17,0.55147,1.00465,0.64426,0.87409,1,0.99403,0.995,0.73311,1,0.99403,0.995,0.67728,0.99634,1.68315,0.49172,1.24798,7.28e-05,7.28e-05,7.28e-05
294,516.454,0.55476,1.09954,0.62026,0.90783,1,0.99475,0.995,0.72958,1,0.99475,0.995,0.67719,0.98014,1.70025,0.49555,1.24079,6.62e-05,6.62e-05,6.62e-05
295,517.76,0.54439,1.04562,0.51977,0.8799,1,0.99477,0.995,0.72497,1,0.99477,0.995,0.67564,0.95987,1.70727,0.50457,1.23226,5.96e-05,5.96e-05,5.96e-05
296,519.156,0.52578,1.12398,0.52418,0.87502,1,0.99515,0.995,0.72878,1,0.99515,0.995,0.67079,0.91131,1.72002,0.51144,1.20516,5.3e-05,5.3e-05,5.3e-05
297,520.54,0.58094,1.21168,0.60191,0.90415,1,0.99564,0.995,0.72534,1,0.99564,0.995,0.67406,0.90376,1.73067,0.51102,1.19328,4.64e-05,4.64e-05,4.64e-05
298,521.88,0.54775,1.01264,0.49553,0.85582,1,0.99584,0.995,0.7317,1,0.99584,0.995,0.67434,0.89923,1.74185,0.51852,1.19141,3.98e-05,3.98e-05,3.98e-05
299,523.157,0.47419,1.03562,0.45253,0.87148,1,0.9971,0.995,0.73515,1,0.9971,0.995,0.67461,0.89591,1.74646,0.51962,1.1907,3.32e-05,3.32e-05,3.32e-05
300,524.498,0.51423,1.02002,0.52018,0.88328,1,0.99696,0.995,0.72917,1,0.99696,0.995,0.67216,0.89196,1.75644,0.51904,1.18327,2.66e-05,2.66e-05,2.66e-05
